{
  "mens": [
    {
      "name": "Luxury Aviators for mens",
      "description": "Timeless design with impeccable craftsmanship.",
      "price": 200,
      "image": "./img/s1.jpeg"
    },
    {
      "name": "Classic Wayfarers for mens",
      "description": "A vintage feel with a modern touch, lorem.",
      "price": 180,
      "image": "./img/s2.jpeg"
    },
    {
      "name": "Modern Clubmasters",
      "description": "Iconic and bold frame styles for any occasion.",
      "price": 210,
      "image": "./img/s3.jpeg"
    },
    {
      "name": "Polarized Sport Shades",
      "description": "Ultimate comfort for outdoor adventures.",
      "price": 150,
      "image": "./img/s4.jpeg"
    },
    {
      "name": "Retro Round Frames",
      "description": "Vintage-inspired frames for a timeless look.",
      "price": 170,
      "image": "./img/s5.jpeg"
    },
    {
      "name": "Stealth Wraparound Shades",
      "description": "Cutting-edge design with maximum coverage.",
      "price": 190,
      "image": "./img/s6.jpeg"
    },
    {
      "name": "Lightweight Rimless Glasses",
      "description": "Perfect for all-day wear with modern aesthetics.",
      "price": 230,
      "image": "./img/s7.jpeg"
    },
    {
      "name": "Premium Sports Aviators",
      "description": "Engineered for active lifestyles for everyday.",
      "price": 220,
      "image": "./img/s8.jpeg"
    }
  ],
  "womens": [
    {
      "name": "Sleek Cat-Eye for womens",
      "description": "Chic frames for the fashion-forward woman.",
      "price": 250,
      "image": "./img/s9.jpeg"
    },
    {
      "name": "Elegant Round Glasses",
      "description": "Minimalist and sophisticated design for womens.",
      "price": 220,
      "image": "./img/s10.jpeg"
    },
    {
      "name": "Stylish Oversized Frames",
      "description": "Bold and glamorous statement eyewear for everyday  .",
      "price": 270,
      "image": "./img/s11.jpeg"
    },
    {
      "name": "Vintage Butterfly Shades",
      "description": "Unique design for an artistic touch for womens.",
      "price": 240,
      "image": "./img/s12.jpeg"
    },
    {
      "name": "Glitter Accent Cat-Eyes",
      "description": "Sparkling accents for a dazzling effect.",
      "price": 260,
      "image": "./img/s13.jpeg"
    },
    {
      "name": "Lightweight Oval Frames",
      "description": "Elegant and easy to carry everywhere.",
      "price": 200,
      "image": "./img/s14.jpeg"
    },
    {
      "name": "Rose-Tinted Aviators",
      "description": "Trendy and colorful for a standout look.",
      "price": 280,
      "image": "./img/s1.jpeg"
    },
    {
      "name": "Designer Geometric Glasses",
      "description": "Futuristic and bold geometric designs.",
      "price": 300,
      "image": "./img/s1.jpeg"
    }
  ]
}
